fecha,municipio,pm25,pm10,no2,o3,temperatura,humedad,indice_crecimiento_industrial,riesgo_respiratorio
2010-01-01,Querétaro,19.49,34.31,22.59,32.57,21.06,47.66,54.74,Bajo
2010-01-01,El Marqués,20.3,32.65,22.17,26.61,20.14,52.42,44.26,Bajo
2010-01-01,Corregidora,12.83,32.19,15.95,28.94,18.37,35.88,54.4,Bajo
2010-01-01,Huimilpan,17.32,35.34,14.3,26.37,22.44,38.49,51.13,Bajo
2010-02-01,Querétaro,16.2,33.54,17.59,33.56,21.95,39.42,52.47,Bajo
2010-02-01,El Marqués,14.34,36.04,12.16,24.02,22.79,57.38,50.51,Bajo
2010-02-01,Corregidora,17.65,33.49,14.09,25.84,20.16,60.57,51.03,Bajo
2010-02-01,Huimilpan,12.71,36.62,18.46,25.97,24.45,60.31,52.79,Bajo
2010-03-01,Querétaro,15.48,33.45,21.33,30.93,20.08,48.14,46.68,Bajo
2010-03-01,El Marqués,14.41,39.06,25.42,27.78,26.01,53.62,48.06,Bajo
2010-03-01,Corregidora,19.08,42.69,19.86,32.69,11.52,58.22,50.26,Bajo
2010-03-01,Huimilpan,17.1,35.46,12.05,27.34,23.43,64.78,48.45,Bajo
2010-04-01,Querétaro,15.57,32.49,23.66,28.99,19.88,55.13,50.29,Bajo
2010-04-01,El Marqués,20.91,31.49,18.69,26.82,16.15,52.96,50.78,Bajo
2010-04-01,Corregidora,18.02,33.83,14.34,26.74,20.63,41.98,49.52,Bajo
2010-04-01,Huimilpan,19.21,44.43,20.7,28.77,21.7,30.81,49.92,Medio
2010-05-01,Querétaro,18.18,47.32,19.23,28.9,21.86,38.31,53.43,Medio
2010-05-01,El Marqués,20.26,38.96,16.36,32.21,16.39,55.87,56.57,Bajo
2010-05-01,Corregidora,15.03,32.17,20.4,26.49,15.8,50.69,46.81,Bajo
2010-05-01,Huimilpan,19.42,30.4,26.2,25.65,20.71,58.14,46.31,Bajo
2010-06-01,Querétaro,18.68,41.54,13.57,28.55,23.04,57.82,46.29,Bajo
2010-06-01,El Marqués,14.04,37.61,21.19,28.75,23.39,43.2,50.7,Bajo
2010-06-01,Corregidora,18.88,31.43,27.46,29.42,17.23,56.57,47.08,Bajo
2010-06-01,Huimilpan,20.36,40.79,16.72,30.89,23.65,58.22,55.69,Bajo
2010-07-01,Querétaro,17.26,31.23,16.44,25.55,21.69,53.41,50.83,Bajo
2010-07-01,El Marqués,20.48,35.07,25.81,27.21,32.88,56.26,47.43,Medio
2010-07-01,Corregidora,14.79,37.41,19.11,30.14,23.89,49.27,47.46,Bajo
2010-07-01,Huimilpan,13.46,32.77,23.43,28.64,17.02,51.73,51.16,Bajo
2010-08-01,Querétaro,15.35,35.77,20.23,24.57,23.43,55.61,53.25,Bajo
2010-08-01,El Marqués,21.16,28.11,16.25,29.55,24.06,55.15,61.56,Bajo
2010-08-01,Corregidora,19.71,40.68,23.82,29.95,20.74,57.59,47.68,Medio
2010-08-01,Huimilpan,17.29,32.57,20.33,34.94,14.53,56.86,45.16,Bajo
2010-09-01,Querétaro,16.58,40.44,20.26,24.77,19.14,56.8,47.81,Bajo
2010-09-01,El Marqués,18.65,35.23,17.39,34.43,24.54,29.75,50.56,Bajo
2010-09-01,Corregidora,16.01,39.26,16.83,27.66,24.02,58.66,46.4,Bajo
2010-09-01,Huimilpan,17.0,32.63,17.39,33.3,23.62,37.39,52.75,Bajo
2010-10-01,Querétaro,24.37,40.16,13.92,26.55,27.07,42.92,51.33,Medio
2010-10-01,El Marqués,20.32,30.37,19.76,18.28,17.9,47.47,46.26,Bajo
2010-10-01,Corregidora,22.9,27.85,18.24,28.39,27.77,35.64,53.49,Bajo
2010-10-01,Huimilpan,18.03,30.09,21.85,28.6,19.6,50.7,48.84,Bajo
2010-11-01,Querétaro,18.34,38.31,26.34,24.29,30.53,30.48,49.54,Medio
2010-11-01,El Marqués,19.76,36.4,17.51,27.38,20.03,44.11,52.55,Bajo
2010-11-01,Corregidora,19.07,31.54,23.6,28.92,25.25,56.3,47.51,Bajo
2010-11-01,Huimilpan,16.32,38.74,22.44,27.94,22.47,62.78,48.23,Bajo
2010-12-01,Querétaro,19.64,33.99,19.13,31.3,25.3,58.14,53.92,Bajo
2010-12-01,El Marqués,18.06,38.41,18.76,28.97,21.48,50.97,51.79,Bajo
2010-12-01,Corregidora,15.55,45.46,15.98,24.36,26.63,57.92,51.87,Bajo
2010-12-01,Huimilpan,19.89,34.94,16.41,28.23,19.29,59.75,49.56,Bajo
2011-01-01,Querétaro,16.0,34.11,22.13,26.63,18.71,52.44,53.13,Bajo
2011-01-01,El Marqués,17.08,33.54,21.53,23.98,16.37,42.82,52.36,Bajo
2011-01-01,Corregidora,19.33,42.98,23.83,27.84,21.92,39.97,51.94,Medio
2011-01-01,Huimilpan,17.37,36.97,16.93,29.88,28.13,48.91,52.41,Bajo
2011-02-01,Querétaro,20.55,33.71,21.38,28.36,22.39,42.27,52.47,Bajo
2011-02-01,El Marqués,20.09,43.16,24.44,34.78,18.93,58.72,53.55,Medio
2011-02-01,Corregidora,24.97,31.56,17.04,26.52,13.5,44.74,49.72,Medio
2011-02-01,Huimilpan,18.69,37.07,27.74,31.17,19.69,41.02,52.68,Medio
2011-03-01,Querétaro,14.52,44.88,25.2,26.91,15.15,63.54,52.06,Bajo
2011-03-01,El Marqués,22.31,27.93,18.2,28.34,22.19,45.5,54.87,Bajo
2011-03-01,Corregidora,15.2,34.89,20.88,29.86,24.85,38.75,47.4,Bajo
2011-03-01,Huimilpan,22.07,37.02,17.25,32.97,22.46,61.79,51.4,Medio
2011-04-01,Querétaro,24.66,44.5,19.48,31.23,24.58,63.69,49.51,Medio
2011-04-01,El Marqués,20.66,41.19,13.57,24.77,13.84,47.31,55.15,Bajo
2011-04-01,Corregidora,22.91,35.97,26.91,24.18,15.19,49.44,53.15,Medio
2011-04-01,Huimilpan,18.14,25.02,19.88,24.41,24.68,53.67,48.38,Bajo
2011-05-01,Querétaro,16.94,30.42,20.23,31.19,18.06,55.04,50.81,Bajo
2011-05-01,El Marqués,16.22,35.36,16.46,26.66,17.21,69.65,53.11,Bajo
2011-05-01,Corregidora,16.3,36.67,19.95,27.66,24.46,57.58,50.41,Bajo
2011-05-01,Huimilpan,16.51,33.98,11.03,23.77,27.47,66.45,50.45,Bajo
2011-06-01,Querétaro,20.21,37.28,32.8,31.68,21.49,40.44,47.58,Medio
2011-06-01,El Marqués,19.21,32.12,14.91,26.38,17.67,66.87,55.64,Bajo
2011-06-01,Corregidora,18.38,43.0,20.71,25.74,28.09,55.39,48.89,Bajo
2011-06-01,Huimilpan,17.67,30.98,14.71,31.1,29.64,36.01,52.89,Bajo
2011-07-01,Querétaro,16.53,33.28,18.11,25.73,22.19,41.69,53.21,Bajo
2011-07-01,El Marqués,18.45,34.71,16.97,26.59,25.02,55.01,50.07,Bajo
2011-07-01,Corregidora,18.7,39.36,13.72,29.95,19.35,55.71,49.71,Bajo
2011-07-01,Huimilpan,12.83,27.22,20.43,29.1,18.38,56.39,46.22,Bajo
2011-08-01,Querétaro,18.28,29.66,17.87,28.46,18.56,46.15,55.42,Bajo
2011-08-01,El Marqués,16.87,40.08,16.08,29.91,27.77,25.28,50.61,Bajo
2011-08-01,Corregidora,20.13,34.58,21.88,26.51,22.35,48.44,55.5,Bajo
2011-08-01,Huimilpan,19.0,37.05,18.59,26.86,20.27,53.94,49.94,Bajo
2011-09-01,Querétaro,19.35,46.1,23.96,27.34,26.8,45.92,46.29,Medio
2011-09-01,El Marqués,15.58,26.55,19.19,28.38,28.71,53.27,52.34,Bajo
2011-09-01,Corregidora,20.89,24.54,21.34,30.63,16.09,61.44,53.02,Bajo
2011-09-01,Huimilpan,16.99,38.52,29.32,28.87,22.99,45.41,48.65,Medio
2011-10-01,Querétaro,20.97,31.44,20.77,26.89,23.92,53.34,55.51,Bajo
2011-10-01,El Marqués,17.07,34.55,16.68,26.99,23.51,57.57,50.23,Bajo
2011-10-01,Corregidora,21.01,42.38,22.05,33.95,18.9,37.55,46.66,Medio
2011-10-01,Huimilpan,22.73,38.63,20.02,29.16,17.5,74.46,51.59,Medio
2011-11-01,Querétaro,18.81,39.35,22.4,28.99,18.84,54.71,58.05,Bajo
2011-11-01,El Marqués,22.64,43.87,18.56,25.35,21.5,50.56,56.28,Medio
2011-11-01,Corregidora,13.32,43.25,19.77,27.04,17.95,33.45,54.47,Bajo
2011-11-01,Huimilpan,18.46,28.91,15.06,27.31,28.68,47.4,46.69,Bajo
2011-12-01,Querétaro,17.74,34.36,9.69,28.16,21.08,56.96,57.95,Bajo
2011-12-01,El Marqués,21.98,34.56,16.17,36.04,22.24,50.14,52.93,Bajo
2011-12-01,Corregidora,18.99,34.88,18.11,26.68,21.87,44.57,49.86,Bajo
2011-12-01,Huimilpan,18.56,34.09,26.26,20.37,26.37,62.46,44.98,Bajo
2012-01-01,Querétaro,17.93,34.58,15.33,26.31,17.56,67.52,57.61,Bajo
2012-01-01,El Marqués,23.01,40.41,16.68,27.07,23.96,37.78,58.14,Medio
2012-01-01,Corregidora,18.08,34.33,23.64,29.97,20.56,61.59,50.76,Bajo
2012-01-01,Huimilpan,20.33,38.69,19.24,29.62,17.0,59.24,51.85,Bajo
2012-02-01,Querétaro,17.39,41.69,18.14,24.41,15.77,56.06,50.96,Bajo
2012-02-01,El Marqués,24.46,26.39,27.99,29.27,21.61,44.55,57.2,Medio
2012-02-01,Corregidora,18.69,41.72,21.26,29.09,20.55,49.43,54.92,Bajo
2012-02-01,Huimilpan,13.35,28.98,23.45,29.15,21.26,50.18,53.44,Bajo
2012-03-01,Querétaro,17.34,32.55,21.74,25.7,23.63,32.97,57.89,Bajo
2012-03-01,El Marqués,20.62,38.08,25.13,33.64,26.06,31.59,52.16,Medio
2012-03-01,Corregidora,16.93,36.33,22.87,26.46,22.75,42.45,52.17,Bajo
2012-03-01,Huimilpan,14.26,31.1,15.07,25.71,26.21,40.51,60.3,Bajo
2012-04-01,Querétaro,20.44,37.36,17.53,30.74,19.7,51.22,62.48,Bajo
2012-04-01,El Marqués,18.91,42.55,18.39,28.54,29.08,43.73,61.44,Bajo
2012-04-01,Corregidora,20.92,33.39,23.33,31.56,24.49,34.3,51.82,Medio
2012-04-01,Huimilpan,17.74,35.35,22.96,29.17,16.66,53.8,54.23,Bajo
2012-05-01,Querétaro,20.64,41.84,24.3,30.02,21.72,33.39,56.09,Medio
2012-05-01,El Marqués,19.82,38.16,16.09,25.4,26.21,49.6,58.04,Bajo
2012-05-01,Corregidora,18.88,36.35,24.55,27.09,22.38,45.38,52.7,Bajo
2012-05-01,Huimilpan,17.55,36.83,18.57,32.41,18.42,48.13,51.08,Bajo
2012-06-01,Querétaro,23.3,37.42,25.09,24.18,23.07,58.9,55.05,Medio
2012-06-01,El Marqués,22.4,34.21,26.84,35.54,20.55,45.54,60.36,Medio
2012-06-01,Corregidora,23.54,33.59,19.12,27.79,16.62,40.81,50.99,Medio
2012-06-01,Huimilpan,16.18,35.55,21.42,33.29,18.01,59.84,51.76,Bajo
2012-07-01,Querétaro,18.81,39.81,16.47,29.79,22.67,54.92,55.67,Bajo
2012-07-01,El Marqués,26.57,33.61,19.08,26.77,19.78,43.63,59.57,Medio
2012-07-01,Corregidora,23.06,33.35,17.47,30.05,19.79,56.33,54.61,Medio
2012-07-01,Huimilpan,13.93,43.46,27.66,26.8,20.45,52.86,53.4,Bajo
2012-08-01,Querétaro,20.94,46.49,20.25,26.25,16.48,42.69,54.7,Medio
2012-08-01,El Marqués,24.58,34.21,22.1,28.59,26.75,75.27,54.41,Medio
2012-08-01,Corregidora,17.33,41.42,23.53,34.18,24.34,46.41,55.77,Bajo
2012-08-01,Huimilpan,21.81,39.82,22.51,31.84,26.68,63.82,54.35,Medio
2012-09-01,Querétaro,18.46,37.17,25.79,26.19,23.47,46.07,54.89,Bajo
2012-09-01,El Marqués,23.04,37.76,21.39,24.56,24.99,56.45,62.49,Medio
2012-09-01,Corregidora,17.88,37.3,21.8,33.37,21.62,52.79,55.82,Bajo
2012-09-01,Huimilpan,19.04,33.49,21.26,31.86,17.89,51.33,50.3,Bajo
2012-10-01,Querétaro,22.55,28.82,18.72,29.77,28.26,49.34,53.13,Bajo
2012-10-01,El Marqués,24.84,29.56,12.4,29.96,19.99,39.79,58.13,Bajo
2012-10-01,Corregidora,19.53,33.38,15.68,31.26,24.6,49.01,59.54,Bajo
2012-10-01,Huimilpan,15.27,28.09,17.71,28.5,22.97,47.59,53.46,Bajo
2012-11-01,Querétaro,15.21,43.66,20.63,31.99,23.37,54.57,56.51,Bajo
2012-11-01,El Marqués,20.54,40.01,26.52,29.23,24.84,49.1,60.32,Medio
2012-11-01,Corregidora,16.77,45.2,20.64,24.35,22.51,43.19,56.52,Bajo
2012-11-01,Huimilpan,16.52,33.49,12.92,27.28,12.3,34.16,54.68,Bajo
2012-12-01,Querétaro,21.32,38.57,17.09,28.5,21.99,38.42,59.31,Bajo
2012-12-01,El Marqués,21.83,35.7,21.31,29.27,13.83,47.53,53.95,Medio
2012-12-01,Corregidora,15.8,34.79,27.99,30.56,19.72,55.73,58.2,Bajo
2012-12-01,Huimilpan,21.25,36.02,17.89,30.73,23.57,58.95,54.31,Bajo
2013-01-01,Querétaro,22.59,34.48,26.71,29.55,30.3,43.11,62.41,Medio
2013-01-01,El Marqués,20.39,34.44,19.86,28.0,23.7,55.23,57.28,Bajo
2013-01-01,Corregidora,19.13,47.51,28.11,30.27,22.15,51.2,57.84,Medio
2013-01-01,Huimilpan,15.65,34.79,14.05,30.16,24.59,45.17,58.32,Bajo
2013-02-01,Querétaro,15.76,29.84,22.34,32.1,28.74,45.41,60.44,Bajo
2013-02-01,El Marqués,19.68,36.84,25.33,30.92,15.69,64.77,63.14,Medio
2013-02-01,Corregidora,17.32,38.78,23.18,29.74,19.8,43.28,55.92,Bajo
2013-02-01,Huimilpan,22.24,38.8,19.24,31.28,10.61,61.49,48.38,Medio
2013-03-01,Querétaro,18.35,31.56,16.26,32.44,20.13,53.47,57.06,Bajo
2013-03-01,El Marqués,21.23,38.08,16.67,31.95,20.02,34.43,57.72,Bajo
2013-03-01,Corregidora,23.7,41.05,19.81,27.91,20.71,70.77,57.15,Medio
2013-03-01,Huimilpan,20.01,41.23,21.68,28.18,21.21,49.28,53.49,Medio
2013-04-01,Querétaro,21.62,37.42,24.37,28.72,22.31,30.02,59.95,Medio
2013-04-01,El Marqués,20.84,42.69,10.21,35.23,21.44,61.08,55.88,Bajo
2013-04-01,Corregidora,21.04,31.53,18.7,34.7,21.24,52.17,58.61,Bajo
2013-04-01,Huimilpan,20.21,36.83,22.18,36.17,21.77,52.01,56.75,Medio
2013-05-01,Querétaro,22.76,43.1,23.99,25.53,28.53,38.54,58.11,Medio
2013-05-01,El Marqués,17.54,37.38,23.12,29.92,23.69,66.14,60.36,Bajo
2013-05-01,Corregidora,18.47,41.62,25.96,25.28,24.39,57.01,55.11,Medio
2013-05-01,Huimilpan,22.85,35.33,21.22,28.44,22.06,39.04,49.28,Medio
2013-06-01,Querétaro,24.22,32.93,17.47,22.5,19.44,36.77,62.13,Medio
2013-06-01,El Marqués,22.83,34.26,30.81,31.91,20.7,25.01,65.87,Medio
2013-06-01,Corregidora,15.03,28.57,25.29,36.28,27.54,55.64,57.78,Bajo
2013-06-01,Huimilpan,21.28,39.87,21.84,29.27,21.75,42.46,52.76,Medio
2013-07-01,Querétaro,14.36,36.67,17.49,25.65,22.72,63.92,59.95,Bajo
2013-07-01,El Marqués,15.09,32.75,25.56,26.01,21.1,55.5,56.09,Bajo
2013-07-01,Corregidora,19.52,30.13,18.79,29.92,15.63,54.4,55.94,Bajo
2013-07-01,Huimilpan,20.38,37.2,26.18,29.34,20.28,51.22,55.23,Medio
2013-08-01,Querétaro,19.59,37.36,18.63,26.97,16.39,67.5,53.47,Bajo
2013-08-01,El Marqués,17.72,34.11,25.38,28.08,26.99,43.27,59.84,Bajo
2013-08-01,Corregidora,16.69,47.53,16.45,29.89,24.54,54.14,55.44,Bajo
2013-08-01,Huimilpan,18.33,36.3,20.13,31.85,30.84,44.43,49.49,Bajo
2013-09-01,Querétaro,19.18,50.06,18.23,33.88,28.71,44.46,58.91,Medio
2013-09-01,El Marqués,24.69,35.8,20.99,27.21,17.94,43.51,55.33,Medio
2013-09-01,Corregidora,19.3,32.95,22.14,24.29,23.32,58.34,50.02,Bajo
2013-09-01,Huimilpan,19.84,42.22,15.88,33.98,23.68,42.95,53.43,Bajo
2013-10-01,Querétaro,21.11,37.54,23.6,26.2,22.68,35.86,56.87,Medio
2013-10-01,El Marqués,17.09,34.02,26.74,32.23,24.44,39.08,58.05,Bajo
2013-10-01,Corregidora,22.84,37.51,30.48,30.14,22.77,46.91,56.4,Medio
2013-10-01,Huimilpan,18.26,39.62,24.55,26.6,16.68,31.64,55.12,Bajo
2013-11-01,Querétaro,16.13,26.4,22.99,36.44,21.98,58.38,57.45,Bajo
2013-11-01,El Marqués,19.5,42.3,20.64,29.76,23.29,43.32,61.98,Medio
2013-11-01,Corregidora,18.68,33.02,23.35,26.26,22.11,49.91,59.26,Bajo
2013-11-01,Huimilpan,20.14,35.95,23.99,33.13,24.23,50.1,49.66,Medio
2013-12-01,Querétaro,16.24,35.63,19.0,28.4,22.23,55.3,56.99,Bajo
2013-12-01,El Marqués,21.26,38.02,13.9,26.14,21.42,37.9,60.8,Bajo
2013-12-01,Corregidora,23.79,42.89,20.35,33.43,22.59,46.63,54.16,Medio
2013-12-01,Huimilpan,17.81,34.14,21.4,29.44,22.01,54.37,57.17,Bajo
2014-01-01,Querétaro,22.77,30.46,11.7,32.08,16.53,47.75,56.09,Bajo
2014-01-01,El Marqués,14.99,41.31,25.44,27.55,11.64,44.54,63.18,Bajo
2014-01-01,Corregidora,15.16,38.32,21.54,31.02,22.48,40.27,61.59,Bajo
2014-01-01,Huimilpan,18.48,36.3,17.23,27.95,18.46,48.27,59.94,Bajo
2014-02-01,Querétaro,15.8,29.81,27.8,28.65,19.32,60.4,57.78,Bajo
2014-02-01,El Marqués,25.88,41.99,20.45,35.75,19.58,57.42,62.9,Medio
2014-02-01,Corregidora,23.51,45.21,21.73,27.02,23.84,43.22,64.04,Medio
2014-02-01,Huimilpan,19.37,34.61,21.7,25.24,18.11,62.0,52.83,Bajo
2014-03-01,Querétaro,16.78,40.56,26.66,31.44,25.98,42.43,55.33,Bajo
2014-03-01,El Marqués,24.9,36.99,21.4,33.26,24.22,54.56,68.5,Medio
2014-03-01,Corregidora,17.67,42.04,21.83,30.09,28.11,55.08,59.61,Bajo
2014-03-01,Huimilpan,22.18,34.62,17.6,26.15,14.13,70.56,51.49,Bajo
2014-04-01,Querétaro,19.26,36.5,23.15,31.73,25.44,44.17,59.1,Bajo
2014-04-01,El Marqués,21.25,37.36,28.83,30.75,24.94,56.63,65.52,Medio
2014-04-01,Corregidora,20.14,30.92,23.2,27.33,19.89,55.86,61.71,Bajo
2014-04-01,Huimilpan,19.02,37.98,27.77,30.0,32.41,55.66,49.52,Medio
2014-05-01,Querétaro,22.18,39.79,27.08,31.3,21.45,37.76,58.97,Medio
2014-05-01,El Marqués,17.85,35.7,24.75,34.29,23.58,38.04,63.33,Bajo
2014-05-01,Corregidora,23.19,34.35,21.06,29.32,18.86,56.48,57.64,Medio
2014-05-01,Huimilpan,20.22,32.0,19.21,31.45,20.51,67.27,53.6,Bajo
2014-06-01,Querétaro,20.59,42.54,16.25,24.0,15.9,62.63,57.94,Bajo
2014-06-01,El Marqués,28.07,35.78,23.14,33.91,30.02,70.62,65.63,Medio
2014-06-01,Corregidora,22.67,40.36,24.71,27.63,18.73,49.97,57.49,Medio
2014-06-01,Huimilpan,17.6,39.92,24.78,29.55,27.91,38.58,54.22,Bajo
2014-07-01,Querétaro,17.77,28.55,21.59,28.91,28.05,56.31,56.53,Bajo
2014-07-01,El Marqués,25.96,44.71,24.73,28.6,18.16,46.28,65.27,Medio
2014-07-01,Corregidora,25.25,45.12,19.64,25.92,22.56,32.32,58.97,Medio
2014-07-01,Huimilpan,18.52,34.11,14.58,30.82,19.87,38.3,46.18,Bajo
2014-08-01,Querétaro,19.84,46.74,28.57,27.91,19.59,54.69,56.6,Medio
2014-08-01,El Marqués,21.31,42.43,27.31,28.98,21.19,41.22,59.52,Medio
2014-08-01,Corregidora,18.92,39.24,25.25,26.87,27.97,47.29,57.94,Medio
2014-08-01,Huimilpan,16.72,24.32,24.5,31.49,20.87,50.67,56.35,Bajo
2014-09-01,Querétaro,15.23,35.23,25.1,25.52,23.17,36.43,61.0,Bajo
2014-09-01,El Marqués,20.29,30.52,27.06,27.08,18.76,52.01,65.45,Medio
2014-09-01,Corregidora,16.55,37.71,23.32,31.36,22.71,46.33,55.52,Bajo
2014-09-01,Huimilpan,19.22,31.08,9.27,30.59,25.62,26.37,51.77,Bajo
2014-10-01,Querétaro,21.78,48.17,22.0,27.1,21.27,63.75,57.66,Medio
2014-10-01,El Marqués,18.0,36.19,18.59,29.65,28.5,53.23,61.24,Bajo
2014-10-01,Corregidora,18.72,29.58,25.13,29.05,21.28,81.93,58.9,Bajo
2014-10-01,Huimilpan,16.7,34.31,25.55,29.62,16.25,59.19,52.8,Bajo
2014-11-01,Querétaro,25.54,43.28,20.13,33.12,22.27,58.53,61.05,Medio
2014-11-01,El Marqués,17.86,35.38,26.52,28.28,20.39,40.45,63.27,Bajo
2014-11-01,Corregidora,25.79,32.06,21.7,33.52,21.68,54.52,54.81,Medio
2014-11-01,Huimilpan,20.24,35.5,24.9,32.84,32.36,55.8,55.78,Medio
2014-12-01,Querétaro,20.5,36.11,23.27,28.39,22.67,63.18,56.58,Medio
2014-12-01,El Marqués,23.82,45.19,21.93,22.91,19.57,62.97,61.93,Medio
2014-12-01,Corregidora,16.6,34.88,24.96,30.92,21.04,46.33,56.82,Bajo
2014-12-01,Huimilpan,16.19,44.52,19.67,32.93,28.09,59.98,53.51,Bajo
2015-01-01,Querétaro,21.61,38.48,18.79,30.57,17.28,61.88,60.61,Medio
2015-01-01,El Marqués,21.6,40.92,21.96,31.36,20.1,58.71,60.96,Medio
2015-01-01,Corregidora,20.38,47.69,18.0,27.57,24.06,51.8,61.05,Medio
2015-01-01,Huimilpan,20.67,39.97,25.64,30.83,21.03,56.73,61.7,Medio
2015-02-01,Querétaro,20.0,33.73,26.83,29.24,13.31,58.47,60.39,Medio
2015-02-01,El Marqués,20.73,41.16,23.76,31.73,20.26,55.13,64.22,Medio
2015-02-01,Corregidora,22.22,41.08,18.26,32.86,19.86,58.08,61.1,Medio
2015-02-01,Huimilpan,24.71,35.68,19.8,29.54,20.79,58.0,51.15,Medio
2015-03-01,Querétaro,17.24,33.26,26.2,34.73,21.58,48.31,62.21,Bajo
2015-03-01,El Marqués,24.49,34.86,23.95,32.53,24.0,51.9,68.0,Medio
2015-03-01,Corregidora,11.89,41.39,19.38,24.11,24.04,63.74,59.59,Bajo
2015-03-01,Huimilpan,22.06,44.86,26.46,34.52,24.97,50.75,51.19,Medio
2015-04-01,Querétaro,19.66,34.38,31.08,29.07,22.49,55.51,62.13,Medio
2015-04-01,El Marqués,26.09,36.39,23.78,27.37,16.72,43.88,64.89,Medio
2015-04-01,Corregidora,18.71,34.54,16.37,29.35,15.98,57.6,60.25,Bajo
2015-04-01,Huimilpan,14.83,35.25,18.19,30.56,27.36,31.25,56.35,Bajo
2015-05-01,Querétaro,19.92,41.96,23.25,27.34,20.72,42.04,65.23,Medio
2015-05-01,El Marqués,21.06,49.01,22.76,27.47,15.95,31.97,60.25,Medio
2015-05-01,Corregidora,20.8,40.54,15.68,32.29,20.07,51.47,64.84,Bajo
2015-05-01,Huimilpan,21.89,35.46,17.64,23.14,19.12,47.89,53.04,Bajo
2015-06-01,Querétaro,20.01,38.98,21.5,27.65,22.67,54.42,58.73,Medio
2015-06-01,El Marqués,25.23,39.01,23.08,31.72,22.93,59.53,65.86,Medio
2015-06-01,Corregidora,18.16,39.81,17.43,29.93,21.87,47.92,59.61,Bajo
2015-06-01,Huimilpan,13.55,34.06,21.57,30.08,17.89,62.66,53.4,Bajo
2015-07-01,Querétaro,23.31,40.74,19.82,34.93,17.23,59.19,65.0,Medio
2015-07-01,El Marqués,18.99,46.46,22.0,30.47,23.04,48.66,67.43,Medio
2015-07-01,Corregidora,22.38,29.26,27.22,24.61,26.13,61.27,56.73,Medio
2015-07-01,Huimilpan,17.97,31.27,20.34,28.68,25.12,63.1,60.19,Bajo
2015-08-01,Querétaro,18.71,37.55,15.67,27.18,25.86,66.16,58.3,Bajo
2015-08-01,El Marqués,19.22,39.37,24.12,27.17,23.7,45.26,64.96,Medio
2015-08-01,Corregidora,21.64,38.03,20.25,29.27,21.65,46.3,59.22,Medio
2015-08-01,Huimilpan,24.0,39.6,20.02,31.69,20.66,61.73,57.11,Medio
2015-09-01,Querétaro,20.08,40.84,16.12,26.22,17.22,51.43,67.2,Bajo
2015-09-01,El Marqués,27.69,42.69,25.0,24.2,19.83,42.12,63.14,Medio
2015-09-01,Corregidora,19.5,35.64,14.08,31.84,17.71,52.39,66.22,Bajo
2015-09-01,Huimilpan,16.44,24.15,20.06,32.9,29.83,37.7,57.49,Bajo
2015-10-01,Querétaro,19.0,38.07,32.98,25.09,23.01,54.68,65.26,Medio
2015-10-01,El Marqués,21.29,41.04,21.43,30.41,20.63,56.22,63.89,Medio
2015-10-01,Corregidora,21.13,37.85,26.5,29.45,14.91,62.62,57.28,Medio
2015-10-01,Huimilpan,17.24,33.82,26.7,23.19,34.55,60.56,56.67,Bajo
2015-11-01,Querétaro,20.24,40.03,24.48,31.54,24.22,50.9,61.41,Medio
2015-11-01,El Marqués,20.55,38.53,27.54,31.38,10.24,56.56,65.58,Medio
2015-11-01,Corregidora,19.94,36.06,26.5,32.44,18.91,54.07,57.09,Medio
2015-11-01,Huimilpan,15.06,33.67,24.65,32.46,24.05,57.25,57.55,Bajo
2015-12-01,Querétaro,18.48,40.76,25.6,31.86,26.76,57.08,63.05,Medio
2015-12-01,El Marqués,24.21,39.37,19.47,29.11,19.02,43.25,64.57,Medio
2015-12-01,Corregidora,17.62,36.46,14.43,30.24,22.0,41.83,61.98,Bajo
2015-12-01,Huimilpan,22.01,28.76,18.15,27.29,18.24,58.29,55.42,Bajo
2016-01-01,Querétaro,20.09,29.3,25.42,26.2,22.24,52.77,68.48,Bajo
2016-01-01,El Marqués,17.67,25.3,24.34,35.32,26.96,52.1,66.53,Bajo
2016-01-01,Corregidora,22.82,33.73,24.31,31.44,26.24,77.6,63.18,Medio
2016-01-01,Huimilpan,17.91,37.03,14.36,27.84,20.36,44.76,57.66,Bajo
2016-02-01,Querétaro,18.41,44.93,22.88,29.89,20.69,51.55,66.88,Medio
2016-02-01,El Marqués,19.0,37.11,22.39,25.88,18.72,45.24,70.62,Bajo
2016-02-01,Corregidora,21.19,39.57,25.8,29.51,23.56,48.97,62.8,Medio
2016-02-01,Huimilpan,17.69,24.97,20.9,34.19,25.7,59.65,60.91,Bajo
2016-03-01,Querétaro,21.15,40.31,20.41,28.97,24.46,62.04,63.98,Medio
2016-03-01,El Marqués,20.25,40.4,26.0,25.59,12.82,44.49,64.34,Medio
2016-03-01,Corregidora,18.88,37.86,20.59,34.28,23.31,53.0,63.87,Bajo
2016-03-01,Huimilpan,16.02,42.36,21.14,31.93,17.71,34.46,59.65,Bajo
2016-04-01,Querétaro,22.01,34.81,19.4,33.3,17.24,66.43,61.7,Medio
2016-04-01,El Marqués,23.52,38.76,26.01,28.29,21.35,50.41,64.99,Medio
2016-04-01,Corregidora,22.62,36.03,21.49,26.94,11.75,48.09,69.24,Medio
2016-04-01,Huimilpan,21.79,37.06,20.39,29.99,24.19,38.19,60.54,Medio
2016-05-01,Querétaro,23.03,42.91,24.63,29.98,24.69,55.92,63.34,Medio
2016-05-01,El Marqués,19.88,40.91,29.8,26.2,16.13,51.65,68.15,Medio
2016-05-01,Corregidora,20.92,39.82,21.51,34.39,15.6,41.72,61.69,Medio
2016-05-01,Huimilpan,14.51,36.28,28.09,29.98,22.92,37.4,55.35,Bajo
2016-06-01,Querétaro,19.75,37.73,28.01,31.59,17.55,52.47,65.89,Medio
2016-06-01,El Marqués,25.02,48.3,19.54,27.49,16.97,47.66,69.4,Medio
2016-06-01,Corregidora,23.36,38.22,21.12,30.38,18.66,70.9,57.18,Medio
2016-06-01,Huimilpan,19.99,47.28,21.47,29.35,20.57,48.2,61.32,Medio
2016-07-01,Querétaro,14.24,46.99,17.18,29.12,20.28,55.89,59.61,Bajo
2016-07-01,El Marqués,22.99,50.52,18.15,30.49,19.35,54.26,68.06,Medio
2016-07-01,Corregidora,18.48,41.04,29.62,29.35,24.88,37.07,59.13,Medio
2016-07-01,Huimilpan,20.86,44.58,22.86,28.98,22.0,37.5,59.01,Medio
2016-08-01,Querétaro,23.53,37.06,21.0,30.72,20.25,49.34,70.7,Medio
2016-08-01,El Marqués,20.86,38.61,21.01,32.15,21.28,43.51,71.96,Medio
2016-08-01,Corregidora,24.66,35.6,14.93,32.94,19.26,57.91,56.09,Medio
2016-08-01,Huimilpan,22.12,31.1,24.36,29.96,18.18,45.93,59.26,Medio
2016-09-01,Querétaro,21.2,42.24,30.79,25.23,28.47,51.04,61.7,Medio
2016-09-01,El Marqués,17.61,39.45,27.29,29.54,28.04,35.49,67.96,Medio
2016-09-01,Corregidora,16.64,40.42,25.95,28.66,11.58,51.99,63.31,Bajo
2016-09-01,Huimilpan,20.65,43.34,17.16,31.96,26.77,32.21,58.16,Medio
2016-10-01,Querétaro,19.37,38.91,24.27,28.46,19.3,50.34,61.14,Medio
2016-10-01,El Marqués,18.34,43.8,19.0,31.92,23.85,32.74,65.97,Bajo
2016-10-01,Corregidora,23.98,33.69,20.54,31.31,25.13,47.48,60.21,Medio
2016-10-01,Huimilpan,23.71,45.85,25.36,30.18,18.77,41.7,58.77,Medio
2016-11-01,Querétaro,22.14,46.33,25.48,25.41,26.21,40.02,63.25,Medio
2016-11-01,El Marqués,22.35,50.38,36.04,31.74,21.27,55.35,70.66,Medio
2016-11-01,Corregidora,19.44,47.58,23.32,31.41,24.66,54.22,64.52,Medio
2016-11-01,Huimilpan,17.59,34.37,17.04,31.24,25.12,54.58,62.22,Bajo
2016-12-01,Querétaro,20.86,42.66,18.51,28.76,24.78,58.49,63.52,Medio
2016-12-01,El Marqués,21.39,32.81,22.17,32.59,24.3,55.01,68.15,Medio
2016-12-01,Corregidora,20.42,35.3,25.2,31.18,23.97,44.74,55.54,Medio
2016-12-01,Huimilpan,22.73,34.77,17.99,32.0,20.43,60.6,59.05,Medio
2017-01-01,Querétaro,23.41,33.21,28.21,31.02,20.52,51.43,61.47,Medio
2017-01-01,El Marqués,23.43,36.15,18.79,25.67,26.45,43.71,75.6,Medio
2017-01-01,Corregidora,19.19,30.66,18.33,33.95,21.38,44.52,64.48,Bajo
2017-01-01,Huimilpan,21.19,43.11,27.47,29.16,16.7,45.87,59.18,Medio
2017-02-01,Querétaro,18.47,35.25,24.74,30.09,22.13,42.42,66.11,Bajo
2017-02-01,El Marqués,19.43,45.75,28.34,24.7,18.28,35.03,69.05,Medio
2017-02-01,Corregidora,20.55,31.95,19.11,27.23,22.83,50.69,61.83,Bajo
2017-02-01,Huimilpan,20.21,34.79,20.59,35.26,27.36,37.0,60.89,Bajo
2017-03-01,Querétaro,23.79,34.3,26.64,34.85,17.51,40.82,69.85,Medio
2017-03-01,El Marqués,23.01,44.06,25.56,31.41,16.69,60.47,74.51,Medio
2017-03-01,Corregidora,20.11,38.98,16.68,31.78,24.29,49.38,67.37,Bajo
2017-03-01,Huimilpan,18.68,40.34,17.6,30.17,21.3,52.25,57.29,Bajo
2017-04-01,Querétaro,20.97,44.17,21.61,25.42,29.0,63.81,62.92,Medio
2017-04-01,El Marqués,24.27,38.79,25.25,31.12,21.06,42.16,68.93,Medio
2017-04-01,Corregidora,18.05,35.04,22.53,28.09,24.73,64.87,62.26,Bajo
2017-04-01,Huimilpan,20.4,40.02,23.57,30.47,24.97,54.82,54.69,Medio
2017-05-01,Querétaro,23.97,44.48,20.31,30.35,24.73,47.91,70.02,Medio
2017-05-01,El Marqués,29.29,37.37,18.68,31.15,24.89,47.69,75.36,Medio
2017-05-01,Corregidora,16.78,42.66,20.38,35.4,29.97,42.33,62.35,Bajo
2017-05-01,Huimilpan,22.26,35.58,21.5,30.32,14.32,49.86,56.33,Medio
2017-06-01,Querétaro,19.88,47.26,18.33,32.68,20.88,47.2,69.17,Medio
2017-06-01,El Marqués,23.22,44.15,28.07,29.25,19.55,39.15,68.52,Medio
2017-06-01,Corregidora,29.65,45.42,17.4,26.27,23.93,55.47,65.65,Medio
2017-06-01,Huimilpan,18.92,36.89,22.99,30.5,13.12,47.7,55.85,Bajo
2017-07-01,Querétaro,21.89,54.97,24.83,29.3,25.69,54.83,68.06,Medio
2017-07-01,El Marqués,24.02,51.58,19.68,31.66,18.29,55.56,68.24,Medio
2017-07-01,Corregidora,19.55,37.72,26.7,33.0,17.02,50.55,61.87,Medio
2017-07-01,Huimilpan,15.9,36.43,20.45,37.52,23.73,36.22,56.71,Bajo
2017-08-01,Querétaro,24.42,50.48,17.02,24.6,29.48,53.9,64.2,Medio
2017-08-01,El Marqués,23.8,28.12,24.21,31.22,25.7,39.86,71.26,Medio
2017-08-01,Corregidora,18.02,40.48,19.22,29.02,18.02,56.51,66.58,Bajo
2017-08-01,Huimilpan,18.98,37.71,15.89,29.34,21.8,76.21,55.06,Bajo
2017-09-01,Querétaro,25.75,45.02,24.48,35.52,23.49,53.89,66.64,Medio
2017-09-01,El Marqués,25.87,46.78,21.7,26.28,21.19,42.0,70.81,Medio
2017-09-01,Corregidora,24.51,36.91,22.63,30.41,25.39,27.53,62.18,Medio
2017-09-01,Huimilpan,20.31,43.52,19.71,24.61,24.48,43.65,54.83,Medio
2017-10-01,Querétaro,19.49,39.12,20.94,23.62,25.59,62.75,68.75,Bajo
2017-10-01,El Marqués,18.79,40.29,24.17,32.04,24.67,42.66,71.25,Medio
2017-10-01,Corregidora,22.17,46.48,25.62,32.61,22.34,64.1,65.23,Medio
2017-10-01,Huimilpan,17.1,44.54,24.47,28.91,20.08,52.97,59.79,Medio
2017-11-01,Querétaro,21.95,41.6,30.16,33.45,22.76,59.41,63.7,Medio
2017-11-01,El Marqués,23.39,50.35,23.33,27.7,19.39,39.1,68.65,Medio
2017-11-01,Corregidora,19.69,32.17,22.86,32.95,18.37,65.19,65.53,Bajo
2017-11-01,Huimilpan,22.77,34.23,25.1,26.96,25.56,51.72,60.06,Medio
2017-12-01,Querétaro,17.83,35.56,25.75,27.39,23.85,36.33,69.34,Bajo
2017-12-01,El Marqués,18.5,44.06,26.7,28.15,24.33,52.6,69.38,Medio
2017-12-01,Corregidora,17.77,29.39,24.2,25.55,22.38,47.37,66.04,Bajo
2017-12-01,Huimilpan,18.77,35.87,24.61,31.25,23.26,54.69,53.79,Bajo
2018-01-01,Querétaro,24.11,43.82,19.77,29.83,21.84,48.66,70.2,Medio
2018-01-01,El Marqués,27.09,47.61,19.55,32.43,27.32,53.87,77.27,Medio
2018-01-01,Corregidora,27.24,44.92,24.2,33.7,22.58,50.24,64.95,Medio
2018-01-01,Huimilpan,24.61,33.79,28.05,32.06,16.4,53.68,53.3,Medio
2018-02-01,Querétaro,23.72,45.19,21.47,30.93,29.82,44.94,66.02,Medio
2018-02-01,El Marqués,27.24,52.01,24.81,33.59,27.37,42.58,72.54,Medio
2018-02-01,Corregidora,24.89,48.23,25.45,27.92,29.95,44.69,64.99,Medio
2018-02-01,Huimilpan,20.95,45.65,25.34,31.8,23.85,50.44,61.27,Medio
2018-03-01,Querétaro,14.25,39.28,24.81,27.11,23.55,47.96,74.47,Bajo
2018-03-01,El Marqués,27.52,39.87,24.2,30.34,20.19,51.95,71.73,Medio
2018-03-01,Corregidora,17.81,42.91,25.72,28.15,25.58,43.68,66.76,Medio
2018-03-01,Huimilpan,22.38,37.71,23.74,29.01,21.21,47.94,57.36,Medio
2018-04-01,Querétaro,21.31,33.02,21.88,29.71,20.98,47.59,69.01,Bajo
2018-04-01,El Marqués,24.24,46.57,22.2,26.95,17.83,45.13,72.94,Medio
2018-04-01,Corregidora,18.89,33.32,21.38,31.1,24.38,44.43,64.76,Bajo
2018-04-01,Huimilpan,17.14,37.72,18.53,32.28,14.86,46.4,60.5,Bajo
2018-05-01,Querétaro,22.39,54.23,25.24,27.55,21.62,32.24,68.96,Medio
2018-05-01,El Marqués,20.3,46.78,22.6,30.21,19.46,67.39,73.04,Medio
2018-05-01,Corregidora,26.7,43.87,25.13,31.67,23.58,30.72,65.16,Medio
2018-05-01,Huimilpan,22.46,37.64,16.3,30.4,28.82,62.47,59.41,Medio
2018-06-01,Querétaro,24.69,38.93,17.02,27.79,28.25,47.26,68.47,Medio
2018-06-01,El Marqués,21.9,51.72,31.3,37.22,21.36,52.96,69.45,Medio
2018-06-01,Corregidora,25.63,33.96,24.07,27.27,19.64,41.63,64.18,Medio
2018-06-01,Huimilpan,18.3,35.14,25.25,27.25,22.88,62.18,58.06,Bajo
2018-07-01,Querétaro,19.69,39.61,28.56,31.14,19.88,54.84,65.89,Medio
2018-07-01,El Marqués,24.84,44.24,23.57,28.04,18.45,55.35,77.69,Medio
2018-07-01,Corregidora,19.29,42.09,14.85,28.81,21.88,40.9,63.19,Bajo
2018-07-01,Huimilpan,17.92,39.34,21.17,23.85,13.52,43.93,60.97,Bajo
2018-08-01,Querétaro,13.6,38.26,21.74,34.73,20.46,53.83,69.62,Bajo
2018-08-01,El Marqués,16.41,46.04,25.66,32.08,37.7,29.16,79.17,Medio
2018-08-01,Corregidora,20.34,41.24,23.02,29.29,19.72,53.3,61.45,Medio
2018-08-01,Huimilpan,22.17,35.8,17.4,29.21,27.03,44.65,60.68,Bajo
2018-09-01,Querétaro,19.65,44.55,26.58,36.11,21.3,56.69,69.49,Medio
2018-09-01,El Marqués,26.69,38.61,27.78,29.98,21.74,50.92,74.76,Medio
2018-09-01,Corregidora,20.85,40.87,29.51,33.52,25.48,45.44,63.33,Medio
2018-09-01,Huimilpan,22.79,42.26,27.81,28.75,21.08,33.61,58.42,Medio
2018-10-01,Querétaro,24.83,38.43,26.4,29.99,23.3,38.52,69.46,Medio
2018-10-01,El Marqués,13.83,41.27,18.28,34.18,25.11,54.67,78.56,Bajo
2018-10-01,Corregidora,18.35,48.54,26.93,29.85,26.54,38.94,63.53,Medio
2018-10-01,Huimilpan,18.09,35.24,17.69,34.23,20.96,53.53,57.89,Bajo
2018-11-01,Querétaro,16.38,42.11,16.19,30.35,16.53,69.87,71.93,Bajo
2018-11-01,El Marqués,23.12,48.52,21.41,32.19,22.8,52.64,77.82,Medio
2018-11-01,Corregidora,23.4,41.24,16.58,27.68,21.51,50.93,62.61,Medio
2018-11-01,Huimilpan,27.16,45.46,24.33,30.78,21.15,40.48,59.83,Medio
2018-12-01,Querétaro,22.61,34.55,25.18,30.09,14.37,41.4,67.96,Medio
2018-12-01,El Marqués,28.46,44.98,19.46,32.02,15.81,60.83,72.59,Medio
2018-12-01,Corregidora,20.92,46.43,18.05,26.37,19.67,60.38,61.44,Medio
2018-12-01,Huimilpan,11.42,35.62,24.13,34.16,20.15,45.89,63.06,Bajo
2019-01-01,Querétaro,16.71,39.54,25.08,32.23,19.96,50.34,64.14,Bajo
2019-01-01,El Marqués,21.43,45.37,21.47,31.06,23.79,46.57,77.51,Medio
2019-01-01,Corregidora,18.71,39.37,26.04,31.35,19.65,52.24,70.14,Medio
2019-01-01,Huimilpan,14.01,44.04,20.81,32.16,26.79,36.28,58.67,Bajo
2019-02-01,Querétaro,21.45,37.56,31.26,28.31,19.78,52.04,67.99,Medio
2019-02-01,El Marqués,22.21,44.69,24.07,30.6,19.88,34.86,77.96,Medio
2019-02-01,Corregidora,26.86,40.49,24.5,32.96,16.92,67.03,68.61,Medio
2019-02-01,Huimilpan,25.06,34.57,29.43,33.21,24.21,52.34,60.05,Medio
2019-03-01,Querétaro,25.92,42.18,16.45,27.53,21.26,53.1,71.43,Medio
2019-03-01,El Marqués,27.06,33.34,25.97,25.43,25.04,49.06,78.26,Medio
2019-03-01,Corregidora,19.01,46.8,27.77,32.63,21.48,55.8,65.88,Medio
2019-03-01,Huimilpan,22.73,46.49,26.44,28.69,23.45,37.07,62.52,Medio
2019-04-01,Querétaro,23.67,32.13,19.67,30.03,20.8,37.91,72.77,Medio
2019-04-01,El Marqués,24.15,42.13,22.38,34.03,28.62,45.16,75.16,Medio
2019-04-01,Corregidora,23.07,38.61,23.04,33.1,14.36,63.18,68.22,Medio
2019-04-01,Huimilpan,18.93,37.79,22.01,25.69,27.98,50.41,62.13,Bajo
2019-05-01,Querétaro,25.17,36.37,26.21,30.08,25.39,28.73,71.3,Medio
2019-05-01,El Marqués,21.59,45.26,27.28,28.76,19.15,48.89,74.31,Medio
2019-05-01,Corregidora,24.13,38.55,11.97,29.76,17.85,33.69,64.29,Medio
2019-05-01,Huimilpan,20.49,44.88,23.41,29.06,23.82,45.41,58.72,Medio
2019-06-01,Querétaro,18.86,32.72,22.76,31.35,21.61,45.84,68.76,Bajo
2019-06-01,El Marqués,25.22,36.51,28.5,27.87,18.99,35.33,75.5,Medio
2019-06-01,Corregidora,24.53,42.98,27.51,32.45,17.59,46.69,65.66,Medio
2019-06-01,Huimilpan,24.15,32.26,25.73,33.56,29.32,45.9,62.94,Medio
2019-07-01,Querétaro,29.16,38.39,18.18,25.24,24.85,31.17,70.48,Medio
2019-07-01,El Marqués,24.71,44.03,27.1,31.55,27.12,40.48,74.97,Medio
2019-07-01,Corregidora,19.28,44.55,27.2,32.23,26.73,38.22,73.0,Medio
2019-07-01,Huimilpan,24.73,41.92,29.29,25.91,19.9,42.65,62.96,Medio
2019-08-01,Querétaro,19.17,45.27,29.8,32.97,23.14,40.12,69.06,Medio
2019-08-01,El Marqués,27.15,47.0,25.24,29.63,13.9,39.29,82.73,Medio
2019-08-01,Corregidora,17.76,41.35,27.63,27.12,22.74,59.38,68.04,Medio
2019-08-01,Huimilpan,28.77,29.9,26.39,30.36,25.09,54.41,58.6,Medio
2019-09-01,Querétaro,23.01,32.19,26.73,31.77,24.55,60.58,72.7,Medio
2019-09-01,El Marqués,23.84,38.69,22.55,34.44,27.75,47.62,77.14,Medio
2019-09-01,Corregidora,18.89,46.26,26.26,36.7,18.49,46.22,68.69,Medio
2019-09-01,Huimilpan,22.1,37.16,18.67,33.52,24.88,40.84,64.87,Medio
2019-10-01,Querétaro,25.83,42.15,24.64,32.54,18.55,50.3,65.14,Medio
2019-10-01,El Marqués,26.03,35.29,31.41,29.89,21.15,43.72,76.14,Medio
2019-10-01,Corregidora,25.86,27.96,28.71,31.89,17.17,39.25,73.03,Medio
2019-10-01,Huimilpan,17.32,32.47,26.71,31.9,18.25,52.17,57.72,Bajo
2019-11-01,Querétaro,25.62,46.79,26.45,31.96,29.04,50.0,68.05,Medio
2019-11-01,El Marqués,24.75,53.53,21.34,29.8,23.67,49.46,74.05,Medio
2019-11-01,Corregidora,24.97,52.0,24.38,28.17,15.8,52.58,71.31,Medio
2019-11-01,Huimilpan,21.59,38.23,19.8,27.6,25.34,59.14,56.16,Medio
2019-12-01,Querétaro,27.09,44.35,29.92,26.85,16.54,48.51,73.11,Medio
2019-12-01,El Marqués,28.79,46.63,24.43,27.8,26.92,40.35,81.89,Medio
2019-12-01,Corregidora,20.75,48.35,26.32,30.47,19.92,46.59,69.28,Medio
2019-12-01,Huimilpan,20.39,35.27,21.5,31.12,13.49,54.58,57.86,Bajo
2020-01-01,Querétaro,19.34,33.76,17.62,27.13,19.16,69.53,72.42,Bajo
2020-01-01,El Marqués,24.53,46.0,26.52,30.97,17.22,64.51,85.42,Medio
2020-01-01,Corregidora,16.95,35.88,22.88,28.31,24.02,42.72,76.5,Bajo
2020-01-01,Huimilpan,23.97,39.66,26.51,34.52,19.74,41.84,62.23,Medio
2020-02-01,Querétaro,25.38,42.9,18.49,28.79,21.7,49.24,79.92,Medio
2020-02-01,El Marqués,19.84,46.53,31.96,38.01,20.38,54.91,81.71,Medio
2020-02-01,Corregidora,22.59,40.51,25.74,23.6,24.73,51.26,69.33,Medio
2020-02-01,Huimilpan,26.54,35.23,20.79,37.17,18.67,44.5,61.56,Medio
2020-03-01,Querétaro,25.32,43.24,19.63,29.6,19.57,49.23,75.28,Medio
2020-03-01,El Marqués,25.25,35.12,30.26,31.96,27.54,54.44,83.3,Medio
2020-03-01,Corregidora,23.4,47.73,26.09,30.91,31.09,58.89,71.72,Medio
2020-03-01,Huimilpan,16.57,32.16,23.57,31.64,19.54,51.41,66.77,Bajo
2020-04-01,Querétaro,24.89,36.49,24.35,28.79,20.45,45.86,72.57,Medio
2020-04-01,El Marqués,20.23,43.36,23.76,22.41,30.21,60.89,78.87,Medio
2020-04-01,Corregidora,22.06,35.14,30.78,36.89,22.63,60.24,70.53,Medio
2020-04-01,Huimilpan,16.39,36.54,22.93,29.84,21.13,49.09,61.76,Bajo
2020-05-01,Querétaro,22.96,36.9,21.93,27.35,25.91,28.94,77.46,Medio
2020-05-01,El Marqués,28.16,42.49,15.59,30.12,21.74,39.89,78.45,Medio
2020-05-01,Corregidora,26.59,44.32,20.3,26.41,20.69,47.87,71.49,Medio
2020-05-01,Huimilpan,18.79,41.16,30.14,33.65,21.81,48.17,60.93,Medio
2020-06-01,Querétaro,26.34,39.06,24.98,31.35,19.99,36.28,74.97,Medio
2020-06-01,El Marqués,23.82,46.5,23.87,34.86,18.49,67.12,74.76,Medio
2020-06-01,Corregidora,23.3,43.38,20.82,32.47,27.12,27.83,71.51,Medio
2020-06-01,Huimilpan,12.92,33.77,28.92,29.45,17.3,48.02,68.2,Bajo
2020-07-01,Querétaro,17.3,36.94,30.79,36.77,21.59,37.61,80.29,Medio
2020-07-01,El Marqués,28.78,47.39,22.75,31.05,21.36,53.31,84.35,Medio
2020-07-01,Corregidora,24.64,35.61,29.51,32.14,24.75,64.67,66.67,Medio
2020-07-01,Huimilpan,20.29,35.94,16.13,32.24,32.05,31.6,61.9,Bajo
2020-08-01,Querétaro,24.72,42.82,24.35,27.3,22.93,42.43,67.43,Medio
2020-08-01,El Marqués,27.58,48.79,26.21,31.89,26.3,52.24,82.71,Medio
2020-08-01,Corregidora,21.11,47.56,25.28,31.78,16.92,52.87,67.5,Medio
2020-08-01,Huimilpan,18.49,34.52,18.14,37.57,27.33,69.2,58.33,Bajo
2020-09-01,Querétaro,23.01,35.73,22.02,28.45,26.96,46.04,77.21,Medio
2020-09-01,El Marqués,25.81,55.52,20.08,34.98,26.59,40.27,83.02,Medio
2020-09-01,Corregidora,23.01,39.86,20.7,29.04,30.2,50.01,72.35,Medio
2020-09-01,Huimilpan,18.03,34.7,26.73,27.15,20.34,50.34,62.33,Bajo
2020-10-01,Querétaro,22.26,44.18,27.57,33.4,18.06,47.16,77.58,Medio
2020-10-01,El Marqués,26.68,37.14,27.41,25.27,22.19,68.98,77.16,Medio
2020-10-01,Corregidora,19.5,44.82,17.83,29.3,24.39,43.66,69.29,Medio
2020-10-01,Huimilpan,22.63,40.71,23.47,30.18,23.48,48.76,63.37,Medio
2020-11-01,Querétaro,21.31,41.29,20.84,31.09,18.76,38.86,74.78,Medio
2020-11-01,El Marqués,24.64,47.91,24.28,32.42,24.2,54.45,77.52,Medio
2020-11-01,Corregidora,22.45,42.82,24.03,24.94,22.64,72.13,68.92,Medio
2020-11-01,Huimilpan,18.22,40.47,23.65,34.78,16.97,57.31,63.77,Bajo
2020-12-01,Querétaro,22.37,43.89,28.92,33.82,17.43,58.2,73.81,Medio
2020-12-01,El Marqués,24.22,44.37,25.4,34.78,21.67,38.8,78.82,Medio
2020-12-01,Corregidora,22.54,47.15,26.41,28.65,31.94,52.65,73.83,Medio
2020-12-01,Huimilpan,19.94,41.27,25.76,34.85,26.23,58.72,61.05,Medio
2021-01-01,Querétaro,21.56,44.58,29.01,30.85,26.26,64.53,73.65,Medio
2021-01-01,El Marqués,22.09,44.2,27.83,29.95,27.41,54.24,83.12,Medio
2021-01-01,Corregidora,18.09,35.02,25.52,25.12,26.05,48.42,81.73,Bajo
2021-01-01,Huimilpan,27.56,38.05,22.21,34.51,28.81,33.62,57.84,Medio
2021-02-01,Querétaro,21.41,45.83,27.27,34.73,17.2,26.84,78.97,Medio
2021-02-01,El Marqués,22.12,34.81,27.18,33.9,21.51,45.42,82.52,Medio
2021-02-01,Corregidora,21.29,34.86,21.54,33.08,23.29,51.68,69.01,Medio
2021-02-01,Huimilpan,20.1,28.07,23.35,35.81,16.1,44.14,64.19,Bajo
2021-03-01,Querétaro,27.04,40.68,22.51,25.61,22.41,70.42,77.23,Medio
2021-03-01,El Marqués,24.53,46.51,26.56,29.08,25.29,52.26,83.05,Medio
2021-03-01,Corregidora,19.47,48.12,27.06,29.86,26.01,45.02,69.65,Medio
2021-03-01,Huimilpan,18.36,30.1,24.53,26.03,17.09,29.24,62.94,Bajo
2021-04-01,Querétaro,22.83,41.29,21.11,28.0,23.86,44.49,77.35,Medio
2021-04-01,El Marqués,21.94,45.81,31.81,33.28,20.35,52.57,82.28,Medio
2021-04-01,Corregidora,22.42,39.97,23.74,32.16,18.03,39.84,67.83,Medio
2021-04-01,Huimilpan,15.84,32.87,23.28,28.84,24.05,50.35,57.29,Bajo
2021-05-01,Querétaro,25.24,46.97,21.3,32.78,18.57,50.98,72.61,Medio
2021-05-01,El Marqués,19.22,42.99,26.11,30.33,17.26,46.0,83.81,Medio
2021-05-01,Corregidora,22.27,42.51,21.72,35.04,17.3,54.88,75.55,Medio
2021-05-01,Huimilpan,22.08,37.95,20.53,34.63,16.31,40.3,62.01,Medio
2021-06-01,Querétaro,26.99,44.82,21.41,30.59,19.54,42.9,79.34,Medio
2021-06-01,El Marqués,20.48,52.94,29.91,34.79,20.15,48.5,78.7,Medio
2021-06-01,Corregidora,20.83,44.07,29.58,28.2,20.54,48.49,67.81,Medio
2021-06-01,Huimilpan,22.41,35.34,21.86,30.16,18.84,49.93,62.55,Medio
2021-07-01,Querétaro,22.16,39.28,26.56,36.48,22.56,59.96,72.23,Medio
2021-07-01,El Marqués,25.07,39.41,20.69,29.3,26.77,59.5,83.73,Medio
2021-07-01,Corregidora,17.8,40.62,25.61,32.05,14.62,41.1,71.81,Medio
2021-07-01,Huimilpan,22.25,27.98,21.99,31.95,25.4,56.93,64.95,Bajo
2021-08-01,Querétaro,20.88,33.38,23.71,34.52,27.57,57.11,77.69,Medio
2021-08-01,El Marqués,25.74,42.12,26.08,36.53,18.23,66.15,82.03,Medio
2021-08-01,Corregidora,26.38,34.57,26.74,29.31,16.34,52.19,75.03,Medio
2021-08-01,Huimilpan,18.11,31.46,22.27,31.26,24.19,59.5,63.02,Bajo
2021-09-01,Querétaro,28.85,44.04,23.89,26.69,20.95,46.64,79.28,Medio
2021-09-01,El Marqués,25.99,39.0,27.29,33.53,28.11,58.88,85.28,Medio
2021-09-01,Corregidora,22.58,43.54,29.4,27.52,20.6,42.27,73.14,Medio
2021-09-01,Huimilpan,24.33,35.98,13.08,30.28,25.65,55.38,64.48,Medio
2021-10-01,Querétaro,22.44,36.52,27.34,29.02,30.74,55.71,74.66,Medio
2021-10-01,El Marqués,22.77,44.44,25.64,34.87,22.75,42.68,88.67,Medio
2021-10-01,Corregidora,22.55,45.44,21.97,32.61,23.24,31.1,78.05,Medio
2021-10-01,Huimilpan,24.51,36.97,18.23,32.56,22.35,53.56,63.77,Medio
2021-11-01,Querétaro,24.8,50.16,27.55,28.37,27.45,66.41,85.86,Medio
2021-11-01,El Marqués,21.23,46.11,18.27,33.18,19.81,69.23,80.68,Medio
2021-11-01,Corregidora,17.33,39.24,16.5,33.77,13.74,50.28,65.77,Bajo
2021-11-01,Huimilpan,19.68,47.18,24.08,28.93,21.88,50.18,64.62,Medio
2021-12-01,Querétaro,19.18,45.88,14.46,29.63,20.05,56.33,76.47,Bajo
2021-12-01,El Marqués,20.38,39.98,27.39,31.28,19.68,45.19,85.09,Medio
2021-12-01,Corregidora,20.85,41.16,33.08,27.25,14.59,57.84,69.96,Medio
2021-12-01,Huimilpan,19.69,35.05,21.6,36.32,25.21,58.62,58.95,Bajo
2022-01-01,Querétaro,20.31,29.44,22.52,34.71,24.07,47.78,78.73,Bajo
2022-01-01,El Marqués,23.13,46.82,30.26,26.99,23.2,59.32,84.75,Medio
2022-01-01,Corregidora,24.9,56.27,24.38,33.02,19.05,51.81,75.38,Medio
2022-01-01,Huimilpan,21.46,34.22,23.71,36.23,23.79,59.62,63.69,Medio
2022-02-01,Querétaro,26.01,45.04,21.96,32.8,18.03,43.67,79.37,Medio
2022-02-01,El Marqués,26.09,39.85,31.42,33.56,19.18,34.62,85.57,Medio
2022-02-01,Corregidora,21.46,42.77,23.35,25.82,20.45,46.94,75.9,Medio
2022-02-01,Huimilpan,18.79,47.71,15.23,35.77,21.1,58.6,64.64,Bajo
2022-03-01,Querétaro,27.18,41.7,21.37,36.1,21.55,52.22,82.5,Medio
2022-03-01,El Marqués,22.1,48.78,24.84,31.44,22.29,35.0,83.66,Medio
2022-03-01,Corregidora,26.85,46.63,24.55,32.57,20.82,63.57,73.4,Medio
2022-03-01,Huimilpan,21.58,45.05,19.77,36.52,15.88,66.3,63.28,Medio
2022-04-01,Querétaro,23.03,34.19,23.94,28.72,19.57,48.63,81.67,Medio
2022-04-01,El Marqués,25.82,47.34,22.82,29.2,29.19,42.65,90.97,Medio
2022-04-01,Corregidora,22.07,42.21,29.08,35.66,21.56,46.12,73.83,Medio
2022-04-01,Huimilpan,21.89,43.78,22.9,33.7,28.55,53.81,65.33,Medio
2022-05-01,Querétaro,19.2,30.49,27.31,31.56,19.94,52.44,78.62,Bajo
2022-05-01,El Marqués,28.58,46.23,24.21,34.81,21.13,55.27,84.57,Medio
2022-05-01,Corregidora,20.85,42.62,24.85,33.28,20.93,31.64,72.7,Medio
2022-05-01,Huimilpan,23.26,37.83,21.89,34.8,19.15,34.57,63.92,Medio
2022-06-01,Querétaro,22.31,38.81,25.06,33.31,21.96,53.07,84.24,Medio
2022-06-01,El Marqués,24.17,47.19,25.16,29.3,19.66,45.21,87.08,Medio
2022-06-01,Corregidora,29.85,38.62,23.13,31.65,23.58,52.64,77.85,Medio
2022-06-01,Huimilpan,13.6,27.39,20.9,35.13,15.74,19.92,66.11,Bajo
2022-07-01,Querétaro,24.49,38.19,21.82,28.93,22.44,43.74,80.28,Medio
2022-07-01,El Marqués,16.64,41.52,22.7,31.07,19.85,57.98,80.42,Bajo
2022-07-01,Corregidora,22.94,44.99,32.23,30.39,23.3,31.96,66.82,Medio
2022-07-01,Huimilpan,23.41,39.29,27.59,27.72,24.08,68.69,65.66,Medio
2022-08-01,Querétaro,24.59,43.68,19.48,35.91,19.56,55.04,74.11,Medio
2022-08-01,El Marqués,21.66,52.98,25.81,36.2,21.69,31.58,88.68,Medio
2022-08-01,Corregidora,21.03,45.69,24.9,27.21,22.66,71.96,75.48,Medio
2022-08-01,Huimilpan,20.71,44.7,23.72,32.47,17.63,52.34,67.51,Medio
2022-09-01,Querétaro,21.25,50.76,25.39,29.18,25.99,47.13,81.08,Medio
2022-09-01,El Marqués,24.32,45.5,29.17,32.71,14.02,38.79,88.79,Medio
2022-09-01,Corregidora,22.4,39.58,19.37,28.6,13.91,48.99,72.2,Medio
2022-09-01,Huimilpan,17.98,38.98,24.34,38.12,15.95,61.59,67.32,Bajo
2022-10-01,Querétaro,21.42,44.66,23.93,32.4,28.04,56.06,80.33,Medio
2022-10-01,El Marqués,23.91,38.38,26.37,35.46,15.89,39.45,86.38,Medio
2022-10-01,Corregidora,19.85,38.24,23.11,27.74,18.1,57.03,70.08,Medio
2022-10-01,Huimilpan,16.09,36.17,25.81,31.25,20.14,50.44,59.16,Bajo
2022-11-01,Querétaro,25.24,45.56,24.12,34.86,17.49,61.28,79.26,Medio
2022-11-01,El Marqués,24.19,45.7,26.77,35.5,17.69,42.37,89.11,Medio
2022-11-01,Corregidora,21.01,46.7,31.6,30.63,24.73,38.46,76.26,Medio
2022-11-01,Huimilpan,21.48,41.69,20.3,26.86,24.01,29.37,63.45,Medio
2022-12-01,Querétaro,26.58,44.6,33.55,34.92,19.38,50.27,78.66,Medio
2022-12-01,El Marqués,20.45,41.1,24.96,25.73,22.19,47.51,80.98,Medio
2022-12-01,Corregidora,24.01,45.78,25.71,30.87,24.37,56.8,74.92,Medio
2022-12-01,Huimilpan,18.41,40.7,27.66,30.05,30.39,44.74,64.5,Medio
2023-01-01,Querétaro,22.22,45.48,19.27,30.52,17.63,51.35,84.18,Medio
2023-01-01,El Marqués,27.74,34.84,35.97,33.05,18.89,51.57,89.53,Medio
2023-01-01,Corregidora,21.2,43.79,22.77,30.95,19.25,35.67,76.44,Medio
2023-01-01,Huimilpan,22.88,42.25,26.4,33.13,19.87,58.4,61.53,Medio
2023-02-01,Querétaro,21.54,39.54,30.56,34.99,23.95,60.72,78.56,Medio
2023-02-01,El Marqués,26.85,46.07,31.19,31.81,20.46,55.41,91.63,Medio
2023-02-01,Corregidora,21.19,42.49,20.97,24.67,22.8,56.09,76.79,Medio
2023-02-01,Huimilpan,15.27,37.93,14.25,36.27,17.66,62.55,68.44,Bajo
2023-03-01,Querétaro,21.54,38.7,27.64,29.63,22.41,45.17,75.86,Medio
2023-03-01,El Marqués,19.11,47.83,25.55,30.5,24.78,61.73,88.18,Medio
2023-03-01,Corregidora,22.18,45.3,19.77,32.83,24.21,56.8,70.19,Medio
2023-03-01,Huimilpan,18.84,35.29,23.52,33.6,27.99,45.05,64.11,Bajo
2023-04-01,Querétaro,27.69,45.84,31.31,33.03,17.37,36.67,76.55,Medio
2023-04-01,El Marqués,27.79,52.64,35.2,34.69,26.65,44.2,85.53,Medio
2023-04-01,Corregidora,25.75,44.89,25.63,33.32,23.29,62.84,79.88,Medio
2023-04-01,Huimilpan,22.75,43.91,25.18,30.78,25.03,36.06,68.76,Medio
2023-05-01,Querétaro,20.66,45.79,22.86,33.82,21.86,34.05,82.46,Medio
2023-05-01,El Marqués,24.07,51.11,27.81,33.35,18.17,44.11,87.62,Medio
2023-05-01,Corregidora,25.77,51.19,21.98,35.39,13.32,38.06,73.12,Medio
2023-05-01,Huimilpan,17.06,31.76,24.77,31.52,23.52,56.9,66.4,Bajo
2023-06-01,Querétaro,26.21,44.01,21.49,35.33,19.64,40.64,80.67,Medio
2023-06-01,El Marqués,23.06,44.61,29.18,33.21,18.41,45.12,92.22,Medio
2023-06-01,Corregidora,24.69,53.18,29.92,35.59,16.45,57.64,75.84,Medio
2023-06-01,Huimilpan,19.47,40.52,26.9,33.66,18.49,57.42,63.69,Medio
2023-07-01,Querétaro,24.89,42.84,25.36,34.46,17.84,69.45,75.74,Medio
2023-07-01,El Marqués,24.01,48.55,30.14,31.86,21.77,54.11,88.31,Medio
2023-07-01,Corregidora,27.38,47.0,28.69,29.26,21.68,47.0,72.98,Medio
2023-07-01,Huimilpan,22.2,36.99,25.74,28.95,28.88,41.04,66.26,Medio
2023-08-01,Querétaro,26.62,41.51,29.65,28.47,27.81,50.14,79.41,Medio
2023-08-01,El Marqués,24.9,50.74,25.46,29.91,21.11,38.23,94.46,Medio
2023-08-01,Corregidora,21.5,46.96,26.04,29.21,21.98,57.84,75.44,Medio
2023-08-01,Huimilpan,24.7,44.79,26.8,30.78,17.68,43.86,66.19,Medio
2023-09-01,Querétaro,25.88,33.5,26.21,32.63,20.89,62.91,82.47,Medio
2023-09-01,El Marqués,29.73,45.62,31.55,37.07,27.25,39.08,88.24,Medio
2023-09-01,Corregidora,22.16,45.25,27.95,29.64,22.27,29.8,80.33,Medio
2023-09-01,Huimilpan,19.58,39.96,21.88,35.6,10.65,49.83,65.28,Medio
2023-10-01,Querétaro,22.88,52.99,22.69,34.48,23.43,62.62,79.2,Medio
2023-10-01,El Marqués,23.6,52.18,29.5,27.53,19.84,53.86,91.51,Medio
2023-10-01,Corregidora,21.16,28.23,27.29,28.5,13.93,21.68,78.44,Medio
2023-10-01,Huimilpan,21.51,38.55,28.68,34.07,28.47,36.07,65.5,Medio
2023-11-01,Querétaro,19.39,43.21,25.25,34.04,22.18,56.23,83.31,Medio
2023-11-01,El Marqués,32.26,45.12,24.04,32.9,18.79,64.82,88.15,Medio
2023-11-01,Corregidora,21.5,40.44,28.07,31.69,19.43,66.65,73.43,Medio
2023-11-01,Huimilpan,21.23,42.94,16.59,33.6,17.78,58.23,62.71,Medio
2023-12-01,Querétaro,26.32,49.89,29.69,32.91,21.07,44.24,85.61,Medio
2023-12-01,El Marqués,23.7,41.51,30.46,29.77,18.2,35.56,87.55,Medio
2023-12-01,Corregidora,22.95,44.02,29.01,33.74,21.24,48.02,77.53,Medio
2023-12-01,Huimilpan,24.94,40.31,21.24,29.18,16.22,56.66,67.33,Medio
2024-01-01,Querétaro,26.45,44.44,32.35,31.03,25.82,49.61,81.77,Medio
2024-01-01,El Marqués,28.18,49.65,29.83,32.72,21.85,73.88,95.55,Medio
2024-01-01,Corregidora,25.77,43.96,29.63,34.03,22.1,46.96,77.76,Medio
2024-01-01,Huimilpan,11.85,41.09,21.41,37.26,22.08,38.11,66.65,Bajo
2024-02-01,Querétaro,21.58,47.45,27.88,35.35,18.84,50.34,79.5,Medio
2024-02-01,El Marqués,28.5,50.19,30.38,32.48,23.66,66.04,91.14,Medio
2024-02-01,Corregidora,24.02,37.97,22.13,32.77,26.42,47.44,77.29,Medio
2024-02-01,Huimilpan,20.14,37.37,24.54,27.99,27.12,43.35,68.97,Medio
2024-03-01,Querétaro,20.91,48.42,29.41,33.63,18.02,52.5,80.05,Medio
2024-03-01,El Marqués,25.64,52.75,31.59,32.53,18.1,56.46,92.06,Medio
2024-03-01,Corregidora,16.64,47.31,25.5,36.09,17.62,18.23,78.84,Medio
2024-03-01,Huimilpan,22.23,31.59,19.45,40.75,20.78,57.31,64.85,Bajo
2024-04-01,Querétaro,18.45,44.23,25.66,31.28,21.54,52.64,83.15,Medio
2024-04-01,El Marqués,22.61,50.03,20.6,26.33,24.96,55.07,91.83,Medio
2024-04-01,Corregidora,19.41,39.86,24.55,27.69,19.04,56.52,82.28,Medio
2024-04-01,Huimilpan,20.1,43.82,15.7,34.46,18.78,53.07,66.06,Bajo
2024-05-01,Querétaro,28.68,40.71,29.23,31.64,21.37,48.16,81.06,Medio
2024-05-01,El Marqués,26.36,47.29,29.36,32.73,25.19,59.24,88.85,Medio
2024-05-01,Corregidora,26.21,37.47,27.95,34.34,14.35,50.93,76.59,Medio
2024-05-01,Huimilpan,19.08,46.79,20.75,30.06,22.3,56.86,66.38,Medio
2024-06-01,Querétaro,28.22,47.73,18.01,30.89,19.75,54.79,75.73,Medio
2024-06-01,El Marqués,34.05,50.26,29.0,36.02,31.37,58.71,94.85,Alto
2024-06-01,Corregidora,23.99,42.69,23.7,30.0,19.25,36.49,77.77,Medio
2024-06-01,Huimilpan,16.31,40.99,23.21,32.92,19.91,80.77,70.88,Bajo
2024-07-01,Querétaro,20.99,46.24,24.29,29.44,16.64,54.32,81.56,Medio
2024-07-01,El Marqués,29.3,52.57,33.9,29.92,23.9,56.32,90.58,Medio
2024-07-01,Corregidora,21.28,51.45,26.51,34.39,18.71,37.81,76.29,Medio
2024-07-01,Huimilpan,20.99,34.72,23.32,27.41,17.52,56.71,68.61,Medio
2024-08-01,Querétaro,23.54,39.99,22.61,31.36,24.58,59.28,82.11,Medio
2024-08-01,El Marqués,22.94,48.94,25.11,30.93,27.3,58.27,92.47,Medio
2024-08-01,Corregidora,19.78,44.46,29.85,31.35,27.4,62.93,82.99,Medio
2024-08-01,Huimilpan,22.28,42.98,29.02,33.82,20.0,45.51,67.52,Medio
2024-09-01,Querétaro,20.85,44.36,31.11,25.91,28.14,61.22,82.22,Medio
2024-09-01,El Marqués,28.03,47.62,33.32,35.43,16.4,55.87,91.38,Medio
2024-09-01,Corregidora,23.85,39.76,32.59,35.6,19.04,36.65,76.84,Medio
2024-09-01,Huimilpan,22.66,41.24,28.37,34.85,25.88,53.27,62.63,Medio
2024-10-01,Querétaro,24.13,50.38,26.51,33.99,20.73,39.7,83.23,Medio
2024-10-01,El Marqués,27.33,44.32,27.46,29.66,26.48,47.06,96.36,Medio
2024-10-01,Corregidora,28.19,42.99,21.57,26.22,16.11,36.26,82.14,Medio
2024-10-01,Huimilpan,21.71,41.99,14.48,28.89,25.55,52.87,66.36,Medio
2024-11-01,Querétaro,26.41,53.26,25.84,32.69,22.77,73.92,77.3,Medio
2024-11-01,El Marqués,28.45,47.03,30.67,30.51,21.8,57.11,101.34,Medio
2024-11-01,Corregidora,26.02,39.16,23.9,31.12,14.82,46.7,80.2,Medio
2024-11-01,Huimilpan,17.54,45.28,25.31,30.28,21.43,65.98,69.0,Medio
2024-12-01,Querétaro,24.75,43.89,27.03,30.94,13.58,70.42,84.07,Medio
2024-12-01,El Marqués,27.59,47.31,25.46,31.92,15.6,72.77,88.3,Medio
2024-12-01,Corregidora,20.5,41.2,30.75,32.52,17.06,62.54,80.19,Medio
2024-12-01,Huimilpan,22.98,43.62,32.94,39.04,19.25,66.24,67.95,Medio
2025-01-01,Querétaro,26.7,37.34,26.52,30.36,25.31,60.71,79.78,Medio
2025-01-01,El Marqués,26.93,54.11,28.25,34.99,23.4,53.42,94.19,Medio
2025-01-01,Corregidora,20.35,38.39,28.84,32.86,21.45,45.76,79.08,Medio
2025-01-01,Huimilpan,24.74,38.72,18.24,35.03,21.18,50.31,72.82,Medio
2025-02-01,Querétaro,25.14,47.25,22.48,32.14,24.44,34.45,86.6,Medio
2025-02-01,El Marqués,27.3,48.71,33.15,33.8,27.91,40.06,95.41,Medio
2025-02-01,Corregidora,24.25,38.65,29.83,39.77,21.93,55.05,80.25,Medio
2025-02-01,Huimilpan,19.46,31.3,20.78,28.62,28.82,48.85,66.96,Bajo
2025-03-01,Querétaro,27.87,40.19,24.13,33.0,26.12,55.02,86.74,Medio
2025-03-01,El Marqués,27.23,50.5,29.81,29.71,22.18,39.26,95.24,Medio
2025-03-01,Corregidora,22.56,56.7,25.84,28.59,21.46,55.19,85.02,Medio
2025-03-01,Huimilpan,19.83,32.49,26.87,28.66,20.26,47.42,67.79,Medio
2025-04-01,Querétaro,27.27,42.38,26.11,32.76,22.6,50.98,87.31,Medio
2025-04-01,El Marqués,29.53,50.46,30.81,28.05,22.2,54.8,97.19,Medio
2025-04-01,Corregidora,21.92,40.7,23.7,34.41,26.14,45.93,82.72,Medio
2025-04-01,Huimilpan,21.97,39.78,22.75,35.04,23.3,72.76,65.44,Medio
2025-05-01,Querétaro,26.75,43.15,23.72,32.77,22.55,79.18,85.45,Medio
2025-05-01,El Marqués,23.61,49.87,20.7,32.52,22.06,57.95,97.92,Medio
2025-05-01,Corregidora,22.49,43.25,22.94,29.42,23.24,37.26,78.76,Medio
2025-05-01,Huimilpan,18.61,43.15,30.81,28.9,14.59,48.75,68.05,Medio
2025-06-01,Querétaro,25.86,43.57,26.4,33.9,26.16,30.45,84.89,Medio
2025-06-01,El Marqués,27.64,43.91,35.92,30.89,21.83,55.56,93.23,Medio
2025-06-01,Corregidora,18.46,41.86,30.12,31.79,18.61,59.26,79.01,Medio
2025-06-01,Huimilpan,20.07,41.15,26.68,39.95,25.31,61.6,66.48,Medio
2025-07-01,Querétaro,22.12,46.11,27.63,29.56,21.3,53.99,87.08,Medio
2025-07-01,El Marqués,28.51,49.95,26.97,31.26,17.2,67.85,95.04,Medio
2025-07-01,Corregidora,23.33,39.36,37.74,29.58,20.28,54.16,81.8,Medio
2025-07-01,Huimilpan,24.47,49.44,25.62,29.63,20.97,53.08,74.2,Medio
2025-08-01,Querétaro,21.01,51.81,27.92,35.31,21.59,41.58,88.25,Medio
2025-08-01,El Marqués,28.96,53.36,28.95,31.0,15.76,58.19,96.27,Medio
2025-08-01,Corregidora,21.1,41.31,24.13,28.35,18.73,38.66,78.76,Medio
2025-08-01,Huimilpan,19.38,32.26,31.69,36.56,18.88,52.72,69.25,Medio
2025-09-01,Querétaro,28.77,41.71,31.57,31.16,16.66,57.24,89.87,Medio
2025-09-01,El Marqués,34.76,42.5,31.8,31.57,25.13,35.3,91.21,Alto
2025-09-01,Corregidora,21.67,44.39,23.44,34.78,26.11,56.0,84.86,Medio
2025-09-01,Huimilpan,22.85,34.32,29.05,30.98,25.64,65.74,69.37,Medio
2025-10-01,Querétaro,20.71,41.21,32.49,32.29,22.32,57.59,88.09,Medio
2025-10-01,El Marqués,27.84,47.46,27.75,35.37,24.21,47.43,98.25,Medio
2025-10-01,Corregidora,23.61,39.74,22.96,29.86,20.91,62.34,77.58,Medio
2025-10-01,Huimilpan,22.17,37.12,22.56,28.27,21.12,48.06,69.62,Medio
2025-11-01,Querétaro,25.87,39.81,31.54,33.43,22.79,49.91,84.45,Medio
2025-11-01,El Marqués,27.65,50.88,22.01,31.18,20.98,52.56,98.58,Medio
2025-11-01,Corregidora,21.68,41.51,23.95,30.4,20.61,57.71,76.84,Medio
2025-11-01,Huimilpan,22.88,31.89,21.35,31.81,28.7,47.25,61.4,Medio
2025-12-01,Querétaro,19.2,45.97,29.66,33.93,22.67,61.62,84.38,Medio
2025-12-01,El Marqués,29.68,40.34,25.38,27.38,20.9,49.54,95.34,Medio
2025-12-01,Corregidora,24.19,39.36,25.24,28.31,27.45,46.96,78.53,Medio
2025-12-01,Huimilpan,26.37,34.19,19.1,29.51,21.73,54.32,70.22,Medio
